﻿<?xml version="1.0" encoding="utf-8" ?>
<hibernate-mapping xmlns="urn:nhibernate-mapping-2.2"
    namespace="ASPPatterns.Chap7.Library.Model"
        assembly="ASPPatterns.Chap7.Library.Model">

	<class name="ASPPatterns.Chap7.Library.Model.Loan" table="t_Loans" lazy="false" >

		<id name="Id" column="Id" type="guid">
			<generator class="guid" />
		</id>

    <many-to-one name="Book"
			           class="Book"
				         column="CopyId" />

    <property name="LoanDate">
      <column name="LoanDate" sql-type="datetime" not-null="true" />
    </property>

    <property name="DateForReturn">
      <column name="DateForReturn" sql-type="datetime" not-null="true" />
    </property>

    <property name="ReturnDate">
      <column name="ReturnDate" sql-type="datetime" not-null="false" />
    </property>

    <many-to-one name="Member"
                 class="Member"
                 column="MemberId" not-null="false" />
  </class>
</hibernate-mapping>