﻿<?xml version="1.0" encoding="utf-8" ?>
<hibernate-mapping xmlns="urn:nhibernate-mapping-2.2"
    namespace="ASPPatterns.Chap7.Library.Model"
        assembly="ASPPatterns.Chap7.Library.Model">

	<class name="ASPPatterns.Chap7.Library.Model.Member" table="t_Members" lazy="false">

		<id name="Id" column="Id" type="guid">
			<generator class="guid" />
		</id>				

		<property name="FirstName">
			<column name="FirstName" sql-type="nvarchar(50)" not-null="true" />
		</property>

		<property name="LastName">
			<column name="LastName" sql-type="nvarchar(50)" not-null="true" />
		</property>

		<bag name="Loans" inverse="true" cascade="all" lazy="true" >
			<key column="MemberId"/>
			<one-to-many class="Loan"></one-to-many>
		</bag>
			
	</class>

</hibernate-mapping>