﻿<?xml version="1.0" encoding="utf-8" ?>
<hibernate-mapping xmlns="urn:nhibernate-mapping-2.2"
    namespace="Agathas.Storefront.Model.Shipping"
        assembly="Agathas.Storefront.Model">

  <class name="Courier" table="Couriers" lazy="false" >

    <id  name="Id" column="CourierId"  type="int" unsaved-value="0">
      <generator class="native" />
    </id>

    <property access="field.camelcase-underscore"  name="Name">
      <column name="Name" sql-type="nvarchar(50)" not-null="true" />
    </property>

  </class>
</hibernate-mapping>

