﻿<?xml version="1.0" encoding="utf-8" ?>
<hibernate-mapping xmlns="urn:nhibernate-mapping-2.2"
    namespace="Agathas.Storefront.Model.Categories"
        assembly="Agathas.Storefront.Model">

  <class name="Category" table="Categories" lazy="false" >

    <id  name="Id" column="CategoryId"  type="int" unsaved-value="0">
      <generator class="native" />
    </id>

    <property name="Name">
      <column name="Name" sql-type="nvarchar(50)" not-null="true" />
    </property>

  </class>

</hibernate-mapping>
